-- Insert data into MOBI_PRODUCT_BRANDS
INSERT INTO MOBI_PRODUCT_BRANDS (brand_id, brand_name, country, description) VALUES (1, 'Samsung', 'South Korea', 'Global electronics manufacturer known for innovative smartphones and consumer electronics');
INSERT INTO MOBI_PRODUCT_BRANDS (brand_id, brand_name, country, description) VALUES (2, 'Apple', 'United States', 'Premium technology company specializing in smartphones, computers, and consumer electronics');
INSERT INTO MOBI_PRODUCT_BRANDS (brand_id, brand_name, country, description) VALUES (3, 'Xiaomi', 'China', 'Fast-growing tech company offering high-value smartphones and smart devices');
INSERT INTO MOBI_PRODUCT_BRANDS (brand_id, brand_name, country, description) VALUES (4, 'Google', 'United States', 'Technology giant with premium smartphone offerings focused on AI capabilities');
INSERT INTO MOBI_PRODUCT_BRANDS (brand_id, brand_name, country, description) VALUES (5, 'OnePlus', 'China', 'Known for performance-focused smartphones with competitive pricing');
INSERT INTO MOBI_PRODUCT_BRANDS (brand_id, brand_name, country, description) VALUES (6, 'Sony', 'Japan', 'Premium electronics manufacturer with focus on camera technology in smartphones');
INSERT INTO MOBI_PRODUCT_BRANDS (brand_id, brand_name, country, description) VALUES (7, 'Nokia', 'Finland', 'Historic phone manufacturer known for durability and reliability');
INSERT INTO MOBI_PRODUCT_BRANDS (brand_id, brand_name, country, description) VALUES (8, 'Motorola', 'United States', 'Established mobile phone company with diverse product lineup');
INSERT INTO MOBI_PRODUCT_BRANDS (brand_id, brand_name, country, description) VALUES (9, 'OPPO', 'China', 'Innovative smartphone manufacturer with focus on camera technology and fast charging');
INSERT INTO MOBI_PRODUCT_BRANDS (brand_id, brand_name, country, description) VALUES (10, 'Nothing', 'United Kingdom', 'New entrant focused on distinctive design and user experience');

-- Insert data into MOBI_PRODUCTION_CATEGORIES
INSERT INTO MOBI_PRODUCTION_CATEGORIES (category_id, category_name, description) VALUES (1, 'Smartphones', 'Mobile phones with advanced computing capabilities');
INSERT INTO MOBI_PRODUCTION_CATEGORIES (category_id, category_name, description) VALUES (2, 'Tablets', 'Portable computing devices with touchscreens larger than smartphones');
INSERT INTO MOBI_PRODUCTION_CATEGORIES (category_id, category_name, description) VALUES (3, 'Smartwatches', 'Wearable computing devices with health tracking and notifications');
INSERT INTO MOBI_PRODUCTION_CATEGORIES (category_id, category_name, description) VALUES (4, 'Wireless Earbuds', 'Compact wireless audio devices for portable use');
INSERT INTO MOBI_PRODUCTION_CATEGORIES (category_id, category_name, description) VALUES (5, 'Accessories', 'Cases, chargers, screen protectors and other device add-ons');
INSERT INTO MOBI_PRODUCTION_CATEGORIES (category_id, category_name, description) VALUES (6, 'Smart Home Devices', 'Internet-connected devices for home automation and control');
INSERT INTO MOBI_PRODUCTION_CATEGORIES (category_id, category_name, description) VALUES (7, 'Fitness Trackers', 'Wearable devices focused on health and activity tracking');
INSERT INTO MOBI_PRODUCTION_CATEGORIES (category_id, category_name, description) VALUES (8, 'VR Headsets', 'Virtual reality devices for immersive experiences');

-- Insert data into MOBI_PRODUCT_AVAILABLE
INSERT INTO MOBI_PRODUCT_AVAILABLE (product_id, brand_id, category_id, product_name, model_number, description, price, stock_quantity, is_active, created_at) VALUES (101, 1, 1, 'Samsung Galaxy S25 Ultra', 'SM-S925', 'Flagship smartphone with 200MP camera and enhanced AI capabilities', 1299.99, 75, 1, TO_DATE('2025-01-15', 'YYYY-MM-DD'));
INSERT INTO MOBI_PRODUCT_AVAILABLE (product_id, brand_id, category_id, product_name, model_number, description, price, stock_quantity, is_active, created_at) VALUES (102, 2, 1, 'iPhone 16 Pro', 'A2866', 'Premium smartphone with ProMotion display and advanced camera system', 1099.99, 85, 1, TO_DATE('2024-09-20', 'YYYY-MM-DD'));
INSERT INTO MOBI_PRODUCT_AVAILABLE (product_id, brand_id, category_id, product_name, model_number, description, price, stock_quantity, is_active, created_at) VALUES (103, 3, 1, 'Xiaomi 15', 'M2501', 'High-performance device with Snapdragon processor and fast charging', 799.99, 120, 1, TO_DATE('2024-11-10', 'YYYY-MM-DD'));
INSERT INTO MOBI_PRODUCT_AVAILABLE (product_id, brand_id, category_id, product_name, model_number, description, price, stock_quantity, is_active, created_at) VALUES (104, 4, 1, 'Google Pixel 9 Pro', 'GP9P-128', 'AI-focused smartphone with exceptional photography capabilities', 999.99, 65, 1, TO_DATE('2024-10-05', 'YYYY-MM-DD'));
INSERT INTO MOBI_PRODUCT_AVAILABLE (product_id, brand_id, category_id, product_name, model_number, description, price, stock_quantity, is_active, created_at) VALUES (105, 5, 1, 'OnePlus 13', 'OP13-8256', 'Performance-focused device with OxygenOS and fast charging technology', 849.99, 90, 1, TO_DATE('2024-12-15', 'YYYY-MM-DD'));
INSERT INTO MOBI_PRODUCT_AVAILABLE (product_id, brand_id, category_id, product_name, model_number, description, price, stock_quantity, is_active, created_at) VALUES (106, 2, 2, 'iPad Pro 2024', 'A2950', '12.9-inch premium tablet with M3 processor and ProMotion display', 1099.99, 55, 1, TO_DATE('2024-05-10', 'YYYY-MM-DD'));
INSERT INTO MOBI_PRODUCT_AVAILABLE (product_id, brand_id, category_id, product_name, model_number, description, price, stock_quantity, is_active, created_at) VALUES (107, 1, 2, 'Samsung Galaxy Tab S10+', 'SM-T900', 'Premium Android tablet with S Pen support and DeX capability', 899.99, 45, 1, TO_DATE('2024-08-12', 'YYYY-MM-DD'));
INSERT INTO MOBI_PRODUCT_AVAILABLE (product_id, brand_id, category_id, product_name, model_number, description, price, stock_quantity, is_active, created_at) VALUES (108, 3, 2, 'Xiaomi Pad 7', 'XP7-256', 'High-value tablet with powerful processor and large battery', 499.99, 70, 1, TO_DATE('2024-07-20', 'YYYY-MM-DD'));
INSERT INTO MOBI_PRODUCT_AVAILABLE (product_id, brand_id, category_id, product_name, model_number, description, price, stock_quantity, is_active, created_at) VALUES (109, 2, 3, 'Apple Watch Series 10', 'AW10-44', 'Advanced health monitoring and seamless iPhone integration', 499.99, 110, 1, TO_DATE('2024-09-18', 'YYYY-MM-DD'));
INSERT INTO MOBI_PRODUCT_AVAILABLE (product_id, brand_id, category_id, product_name, model_number, description, price, stock_quantity, is_active, created_at) VALUES (110, 1, 3, 'Samsung Galaxy Watch 7', 'SM-W700', 'Premium smartwatch with comprehensive health tracking and BioActive sensor', 349.99, 85, 1, TO_DATE('2024-07-15', 'YYYY-MM-DD'));
INSERT INTO MOBI_PRODUCT_AVAILABLE (product_id, brand_id, category_id, product_name, model_number, description, price, stock_quantity, is_active, created_at) VALUES (111, 2, 4, 'AirPods Pro 3', 'APP3-2024', 'Wireless earbuds with spatial audio and enhanced noise cancellation', 279.99, 150, 1, TO_DATE('2024-10-12', 'YYYY-MM-DD'));
INSERT INTO MOBI_PRODUCT_AVAILABLE (product_id, brand_id, category_id, product_name, model_number, description, price, stock_quantity, is_active, created_at) VALUES (112, 1, 4, 'Samsung Galaxy Buds 3 Pro', 'SM-B300P', 'Advanced noise cancelling earbuds with high-quality audio', 229.99, 95, 1, TO_DATE('2024-08-05', 'YYYY-MM-DD'));
INSERT INTO MOBI_PRODUCT_AVAILABLE (product_id, brand_id, category_id, product_name, model_number, description, price, stock_quantity, is_active, created_at) VALUES (113, 10, 4, 'Nothing Ear 3', 'NE3-WHT', 'Distinctive design earbuds with great sound and noise cancellation', 149.99, 70, 1, TO_DATE('2024-06-30', 'YYYY-MM-DD'));
INSERT INTO MOBI_PRODUCT_AVAILABLE (product_id, brand_id, category_id, product_name, model_number, description, price, stock_quantity, is_active, created_at) VALUES (114, 4, 1, 'Google Pixel 9a', 'GP9A-128', 'Mid-range smartphone with flagship camera capabilities', 499.99, 110, 1, TO_DATE('2024-08-15', 'YYYY-MM-DD'));
INSERT INTO MOBI_PRODUCT_AVAILABLE (product_id, brand_id, category_id, product_name, model_number, description, price, stock_quantity, is_active, created_at) VALUES (115, 6, 1, 'Sony Xperia 1 VII', 'XP1M7-256', 'Photography-focused smartphone with professional camera features', 1099.99, 40, 1, TO_DATE('2024-05-25', 'YYYY-MM-DD'));
INSERT INTO MOBI_PRODUCT_AVAILABLE (product_id, brand_id, category_id, product_name, model_number, description, price, stock_quantity, is_active, created_at) VALUES (116, 7, 1, 'Nokia X50', 'NOK-X50', 'Rugged smartphone with excellent battery life and clean Android', 549.99, 65, 1, TO_DATE('2024-07-08', 'YYYY-MM-DD'));
INSERT INTO MOBI_PRODUCT_AVAILABLE (product_id, brand_id, category_id, product_name, model_number, description, price, stock_quantity, is_active, created_at) VALUES (117, 8, 1, 'Motorola Edge 50 Ultra', 'XT2303', 'Premium smartphone with curved display and fast charging', 799.99, 55, 1, TO_DATE('2024-06-15', 'YYYY-MM-DD'));
INSERT INTO MOBI_PRODUCT_AVAILABLE (product_id, brand_id, category_id, product_name, model_number, description, price, stock_quantity, is_active, created_at) VALUES (118, 9, 1, 'OPPO Find X8 Pro', 'CPH2449', 'Premium smartphone with advanced camera system and fast charging', 899.99, 60, 1, TO_DATE('2024-11-05', 'YYYY-MM-DD'));
INSERT INTO MOBI_PRODUCT_AVAILABLE (product_id, brand_id, category_id, product_name, model_number, description, price, stock_quantity, is_active, created_at) VALUES (119, 5, 5, 'OnePlus Wireless Charger', 'OP-WC50', '50W wireless charger compatible with OnePlus devices', 69.99, 120, 1, TO_DATE('2024-04-10', 'YYYY-MM-DD'));
INSERT INTO MOBI_PRODUCT_AVAILABLE (product_id, brand_id, category_id, product_name, model_number, description, price, stock_quantity, is_active, created_at) VALUES (120, 2, 5, 'Apple MagSafe Charger', 'MHXH3', 'Magnetic wireless charger for iPhone with perfect alignment', 39.99, 200, 1, TO_DATE('2024-01-15', 'YYYY-MM-DD'));

-- Insert data into MOBI_SALES_CUSTOMERS
INSERT INTO MOBI_SALES_CUSTOMERS (customer_id, full_name, email, phone, address, city, postal_code, country, created_at) VALUES (1001, 'Emma Johnson', 'emma.johnson@example.com', '555-123-4567', '123 Oak Street', 'Chicago', '60601', 'United States', TO_DATE('2023-01-15', 'YYYY-MM-DD'));
INSERT INTO MOBI_SALES_CUSTOMERS (customer_id, full_name, email, phone, address, city, postal_code, country, created_at) VALUES (1002, 'Liam Smith', 'liam.smith@example.com', '555-234-5678', '456 Maple Avenue', 'New York', '10001', 'United States', TO_DATE('2023-02-20', 'YYYY-MM-DD'));
INSERT INTO MOBI_SALES_CUSTOMERS (customer_id, full_name, email, phone, address, city, postal_code, country, created_at) VALUES (1003, 'Olivia Brown', 'olivia.brown@example.com', '555-345-6789', '789 Pine Road', 'Los Angeles', '90001', 'United States', TO_DATE('2023-03-10', 'YYYY-MM-DD'));
INSERT INTO MOBI_SALES_CUSTOMERS (customer_id, full_name, email, phone, address, city, postal_code, country, created_at) VALUES (1004, 'Noah Wilson', 'noah.wilson@example.com', '555-456-7890', '101 Cedar Lane', 'Houston', '77001', 'United States', TO_DATE('2023-04-05', 'YYYY-MM-DD'));
INSERT INTO MOBI_SALES_CUSTOMERS (customer_id, full_name, email, phone, address, city, postal_code, country, created_at) VALUES (1005, 'Sophia Davis', 'sophia.davis@example.com', '555-567-8901', '202 Birch Boulevard', 'Phoenix', '85001', 'United States', TO_DATE('2023-05-12', 'YYYY-MM-DD'));
INSERT INTO MOBI_SALES_CUSTOMERS (customer_id, full_name, email, phone, address, city, postal_code, country, created_at) VALUES (1006, 'William Taylor', 'william.taylor@example.com', '555-678-9012', '303 Willow Way', 'Philadelphia', '19019', 'United States', TO_DATE('2023-06-18', 'YYYY-MM-DD'));
INSERT INTO MOBI_SALES_CUSTOMERS (customer_id, full_name, email, phone, address, city, postal_code, country, created_at) VALUES (1007, 'Ava Anderson', 'ava.anderson@example.com', '555-789-0123', '404 Elm Street', 'San Antonio', '78201', 'United States', TO_DATE('2023-07-23', 'YYYY-MM-DD'));
INSERT INTO MOBI_SALES_CUSTOMERS (customer_id, full_name, email, phone, address, city, postal_code, country, created_at) VALUES (1008, 'James Thomas', 'james.thomas@example.com', '555-890-1234', '505 Aspen Court', 'San Diego', '92101', 'United States', TO_DATE('2023-08-30', 'YYYY-MM-DD'));
INSERT INTO MOBI_SALES_CUSTOMERS (customer_id, full_name, email, phone, address, city, postal_code, country, created_at) VALUES (1009, 'Isabella Jackson', 'isabella.jackson@example.com', '555-901-2345', '606 Redwood Drive', 'Dallas', '75201', 'United States', TO_DATE('2023-09-14', 'YYYY-MM-DD'));
INSERT INTO MOBI_SALES_CUSTOMERS (customer_id, full_name, email, phone, address, city, postal_code, country, created_at) VALUES (1010, 'Ethan White', 'ethan.white@example.com', '555-012-3456', '707 Sequoia Place', 'San Jose', '95101', 'United States', TO_DATE('2023-10-22', 'YYYY-MM-DD'));
INSERT INTO MOBI_SALES_CUSTOMERS (customer_id, full_name, email, phone, address, city, postal_code, country, created_at) VALUES (1011, 'Mia Harris', 'mia.harris@example.com', '555-123-7890', '808 Juniper Lane', 'Austin', '78701', 'United States', TO_DATE('2023-11-05', 'YYYY-MM-DD'));
INSERT INTO MOBI_SALES_CUSTOMERS (customer_id, full_name, email, phone, address, city, postal_code, country, created_at) VALUES (1012, 'Alexander Martin', 'alexander.martin@example.com', '555-234-8901', '909 Cypress Avenue', 'Jacksonville', '32099', 'United States', TO_DATE('2023-12-11', 'YYYY-MM-DD'));
INSERT INTO MOBI_SALES_CUSTOMERS (customer_id, full_name, email, phone, address, city, postal_code, country, created_at) VALUES (1013, 'Charlotte Thompson', 'charlotte.thompson@example.com', '555-345-9012', '110 Magnolia Street', 'Fort Worth', '76101', 'United States', TO_DATE('2024-01-19', 'YYYY-MM-DD'));
INSERT INTO MOBI_SALES_CUSTOMERS (customer_id, full_name, email, phone, address, city, postal_code, country, created_at) VALUES (1014, 'Benjamin Garcia', 'benjamin.garcia@example.com', '555-456-0123', '211 Sycamore Road', 'Columbus', '43085', 'United States', TO_DATE('2024-02-25', 'YYYY-MM-DD'));
INSERT INTO MOBI_SALES_CUSTOMERS (customer_id, full_name, email, phone, address, city, postal_code, country, created_at) VALUES (1015, 'Amelia Martinez', 'amelia.martinez@example.com', '555-567-1234', '312 Dogwood Circle', 'Indianapolis', '46201', 'United States', TO_DATE('2024-03-04', 'YYYY-MM-DD'));

-- Insert data into MOBI_SALES_STORES
INSERT INTO MOBI_SALES_STORES (store_id, store_name, location, address, phone, email, created_at) VALUES (501, 'MobiTech Flagship', 'Downtown Chicago', '123 Michigan Avenue, Chicago, IL 60601', '312-555-1234', 'chicago@mobitech.com', TO_DATE('2020-01-15', 'YYYY-MM-DD'));
INSERT INTO MOBI_SALES_STORES (store_id, store_name, location, address, phone, email, created_at) VALUES (502, 'MobiTech Times Square', 'Midtown Manhattan', '789 Broadway, New York, NY 10001', '212-555-5678', 'nyc@mobitech.com', TO_DATE('2020-03-22', 'YYYY-MM-DD'));
INSERT INTO MOBI_SALES_STORES (store_id, store_name, location, address, phone, email, created_at) VALUES (503, 'MobiTech Beverly Hills', 'West Los Angeles', '456 Rodeo Drive, Beverly Hills, CA 90210', '310-555-9012', 'la@mobitech.com', TO_DATE('2020-06-10', 'YYYY-MM-DD'));
INSERT INTO MOBI_SALES_STORES (store_id, store_name, location, address, phone, email, created_at) VALUES (504, 'MobiTech Galleria', 'Uptown Houston', '101 Galleria Circle, Houston, TX 77056', '713-555-3456', 'houston@mobitech.com', TO_DATE('2021-02-18', 'YYYY-MM-DD'));
INSERT INTO MOBI_SALES_STORES (store_id, store_name, location, address, phone, email, created_at) VALUES (505, 'MobiTech Kierland Commons', 'North Scottsdale', '202 Kierland Blvd, Scottsdale, AZ 85254', '480-555-7890', 'phoenix@mobitech.com', TO_DATE('2021-09-05', 'YYYY-MM-DD'));
INSERT INTO MOBI_SALES_STORES (store_id, store_name, location, address, phone, email, created_at) VALUES (506, 'MobiTech Union Square', 'Downtown San Francisco', '303 Market Street, San Francisco, CA 94105', '415-555-1212', 'sf@mobitech.com', TO_DATE('2022-04-15', 'YYYY-MM-DD'));
INSERT INTO MOBI_SALES_STORES (store_id, store_name, location, address, phone, email, created_at) VALUES (507, 'MobiTech South Coast Plaza', 'Orange County', '404 Bristol Street, Costa Mesa, CA 92626', '949-555-2345', 'oc@mobitech.com', TO_DATE('2022-11-20', 'YYYY-MM-DD'));
INSERT INTO MOBI_SALES_STORES (store_id, store_name, location, address, phone, email, created_at) VALUES (508, 'MobiTech Lenox Square', 'Buckhead Atlanta', '505 Peachtree Road, Atlanta, GA 30326', '404-555-6789', 'atlanta@mobitech.com', TO_DATE('2023-05-12', 'YYYY-MM-DD'));

-- Insert data into MOBI_STORE_STAFF
INSERT INTO MOBI_STORE_STAFF (staff_id, store_id, full_name, email, phone, role, hire_date) VALUES (2001, 501, 'Michael Johnson', 'michael.johnson@mobitech.com', '312-555-0001', 'Store Manager', TO_DATE('2020-01-20', 'YYYY-MM-DD'));
INSERT INTO MOBI_STORE_STAFF (staff_id, store_id, full_name, email, phone, role, hire_date) VALUES (2002, 501, 'Sarah Williams', 'sarah.williams@mobitech.com', '312-555-0002', 'Sales Associate', TO_DATE('2020-02-15', 'YYYY-MM-DD'));
INSERT INTO MOBI_STORE_STAFF (staff_id, store_id, full_name, email, phone, role, hire_date) VALUES (2003, 501, 'David Brown', 'david.brown@mobitech.com', '312-555-0003', 'Technical Support', TO_DATE('2020-03-10', 'YYYY-MM-DD'));
INSERT INTO MOBI_STORE_STAFF (staff_id, store_id, full_name, email, phone, role, hire_date) VALUES (2004, 502, 'Jessica Lee', 'jessica.lee@mobitech.com', '212-555-0001', 'Store Manager', TO_DATE('2020-04-05', 'YYYY-MM-DD'));
INSERT INTO MOBI_STORE_STAFF (staff_id, store_id, full_name, email, phone, role, hire_date) VALUES (2005, 502, 'Daniel Martinez', 'daniel.martinez@mobitech.com', '212-555-0002', 'Sales Associate', TO_DATE('2020-05-12', 'YYYY-MM-DD'));
INSERT INTO MOBI_STORE_STAFF (staff_id, store_id, full_name, email, phone, role, hire_date) VALUES (2006, 502, 'Michelle Taylor', 'michelle.taylor@mobitech.com', '212-555-0003', 'Technical Support', TO_DATE('2020-06-18', 'YYYY-MM-DD'));
INSERT INTO MOBI_STORE_STAFF (staff_id, store_id, full_name, email, phone, role, hire_date) VALUES (2007, 503, 'Christopher Wilson', 'christopher.wilson@mobitech.com', '310-555-0001', 'Store Manager', TO_DATE('2020-07-23', 'YYYY-MM-DD'));
INSERT INTO MOBI_STORE_STAFF (staff_id, store_id, full_name, email, phone, role, hire_date) VALUES (2008, 503, 'Amanda Garcia', 'amanda.garcia@mobitech.com', '310-555-0002', 'Sales Associate', TO_DATE('2020-08-30', 'YYYY-MM-DD'));
INSERT INTO MOBI_STORE_STAFF (staff_id, store_id, full_name, email, phone, role, hire_date) VALUES (2009, 503, 'Ryan Anderson', 'ryan.anderson@mobitech.com', '310-555-0003', 'Technical Support', TO_DATE('2020-09-14', 'YYYY-MM-DD'));
INSERT INTO MOBI_STORE_STAFF (staff_id, store_id, full_name, email, phone, role, hire_date) VALUES (2010, 504, 'Nicole Thomas', 'nicole.thomas@mobitech.com', '713-555-0001', 'Store Manager', TO_DATE('2021-03-01', 'YYYY-MM-DD'));
INSERT INTO MOBI_STORE_STAFF (staff_id, store_id, full_name, email, phone, role, hire_date) VALUES (2011, 504, 'Kevin Jackson', 'kevin.jackson@mobitech.com', '713-555-0002', 'Sales Associate', TO_DATE('2021-04-15', 'YYYY-MM-DD'));
INSERT INTO MOBI_STORE_STAFF (staff_id, store_id, full_name, email, phone, role, hire_date) VALUES (2012, 505, 'Jennifer White', 'jennifer.white@mobitech.com', '480-555-0001', 'Store Manager', TO_DATE('2021-10-05', 'YYYY-MM-DD'));
INSERT INTO MOBI_STORE_STAFF (staff_id, store_id, full_name, email, phone, role, hire_date) VALUES (2013, 505, 'Brian Harris', 'brian.harris@mobitech.com', '480-555-0002', 'Sales Associate', TO_DATE('2021-11-10', 'YYYY-MM-DD'));
INSERT INTO MOBI_STORE_STAFF (staff_id, store_id, full_name, email, phone, role, hire_date) VALUES (2014, 506, 'Emily Martin', 'emily.martin@mobitech.com', '415-555-0001', 'Store Manager', TO_DATE('2022-05-01', 'YYYY-MM-DD'));
INSERT INTO MOBI_STORE_STAFF (staff_id, store_id, full_name, email, phone, role, hire_date) VALUES (2015, 507, 'Matthew Thompson', 'matthew.thompson@mobitech.com', '949-555-0001', 'Store Manager', TO_DATE('2022-12-01', 'YYYY-MM-DD'));
INSERT INTO MOBI_STORE_STAFF (staff_id, store_id, full_name, email, phone, role, hire_date) VALUES (2016, 508, 'Rebecca Garcia', 'rebecca.garcia@mobitech.com', '404-555-0001', 'Store Manager', TO_DATE('2023-06-01', 'YYYY-MM-DD'));

-- Insert data into MOBI_SALES_ORDERS
INSERT INTO MOBI_SALES_ORDERS (order_id, customer_id, store_id, order_date, total_amount, status) VALUES (30005, 1005, 505, TO_DATE('2024-02-05', 'YYYY-MM-DD'), 499.99, 'Completed');
INSERT INTO MOBI_SALES_ORDERS (order_id, customer_id, store_id, order_date, total_amount, status) VALUES (30006, 1006, 506, TO_DATE('2024-02-10', 'YYYY-MM-DD'), 1299.99, 'Completed');
INSERT INTO MOBI_SALES_ORDERS (order_id, customer_id, store_id, order_date, total_amount, status) VALUES (30007, 1007, 507, TO_DATE('2024-02-15', 'YYYY-MM-DD'), 279.99, 'Completed');
INSERT INTO MOBI_SALES_ORDERS (order_id, customer_id, store_id, order_date, total_amount, status) VALUES (30008, 1008, 508, TO_DATE('2024-02-20', 'YYYY-MM-DD'), 849.99, 'Completed');
INSERT INTO MOBI_SALES_ORDERS (order_id, customer_id, store_id, order_date, total_amount, status) VALUES (30009, 1009, 501, TO_DATE('2024-02-25', 'YYYY-MM-DD'), 1099.99, 'Completed');
INSERT INTO MOBI_SALES_ORDERS (order_id, customer_id, store_id, order_date, total_amount, status) VALUES (30010, 1010, 502, TO_DATE('2024-03-01', 'YYYY-MM-DD'), 999.99, 'Completed');
INSERT INTO MOBI_SALES_ORDERS (order_id, customer_id, store_id, order_date, total_amount, status) VALUES (30011, 1011, 503, TO_DATE('2024-03-05', 'YYYY-MM-DD'), 349.99, 'Completed');
INSERT INTO MOBI_SALES_ORDERS (order_id, customer_id, store_id, order_date, total_amount, status) VALUES (30012, 1012, 504, TO_DATE('2024-03-10', 'YYYY-MM-DD'), 499.99, 'Completed');
INSERT INTO MOBI_SALES_ORDERS (order_id, customer_id, store_id, order_date, total_amount, status) VALUES (30013, 1013, 505, TO_DATE('2024-03-15', 'YYYY-MM-DD'), 799.99, 'Completed');
INSERT INTO MOBI_SALES_ORDERS (order_id, customer_id, store_id, order_date, total_amount, status) VALUES (30014, 1014, 506, TO_DATE('2024-03-20', 'YYYY-MM-DD'), 549.99, 'Completed');
INSERT INTO MOBI_SALES_ORDERS (order_id, customer_id, store_id, order_date, total_amount, status) VALUES (30015, 1015, 507, TO_DATE('2024-03-25', 'YYYY-MM-DD'), 1099.99, 'Completed');
INSERT INTO MOBI_SALES_ORDERS (order_id, customer_id, store_id, order_date, total_amount, status) VALUES (30016, 1001, 508, TO_DATE('2024-03-30', 'YYYY-MM-DD'), 229.99, 'Completed');
INSERT INTO MOBI_SALES_ORDERS (order_id, customer_id, store_id, order_date, total_amount, status) VALUES (30017, 1002, 501, TO_DATE('2024-04-02', 'YYYY-MM-DD'), 899.99, 'Completed');
INSERT INTO MOBI_SALES_ORDERS (order_id, customer_id, store_id, order_date, total_amount, status) VALUES (30018, 1003, 502, TO_DATE('2024-04-05', 'YYYY-MM-DD'), 149.99, 'Completed');
INSERT INTO MOBI_SALES_ORDERS (order_id, customer_id, store_id, order_date, total_amount, status) VALUES (30019, 1004, 503, TO_DATE('2024-04-07', 'YYYY-MM-DD'), 499.99, 'Completed');
INSERT INTO MOBI_SALES_ORDERS (order_id, customer_id, store_id, order_date, total_amount, status) VALUES (30020, 1005, 504, TO_DATE('2024-04-09', 'YYYY-MM-DD'), 69.99, 'Completed');
INSERT INTO MOBI_SALES_ORDERS (order_id, customer_id, store_id, order_date, total_amount, status) VALUES (30021, 1006, 505, TO_DATE('2024-01-22', 'YYYY-MM-DD'), 1099.99, 'Completed');
INSERT INTO MOBI_SALES_ORDERS (order_id, customer_id, store_id, order_date, total_amount, status) VALUES (30022, 1007, 506, TO_DATE('2024-01-27', 'YYYY-MM-DD'), 699.98, 'Completed');
INSERT INTO MOBI_SALES_ORDERS (order_id, customer_id, store_id, order_date, total_amount, status) VALUES (30023, 1008, 507, TO_DATE('2024-02-03', 'YYYY-MM-DD'), 1379.98, 'Completed');
INSERT INTO MOBI_SALES_ORDERS (order_id, customer_id, store_id, order_date, total_amount, status) VALUES (30024, 1009, 508, TO_DATE('2024-02-08', 'YYYY-MM-DD'), 999.99, 'Completed');
INSERT INTO MOBI_SALES_ORDERS (order_id, customer_id, store_id, order_date, total_amount, status) VALUES (30025, 1010, 501, TO_DATE('2024-02-12', 'YYYY-MM-DD'), 1929.98, 'Completed');
INSERT INTO MOBI_SALES_ORDERS (order_id, customer_id, store_id, order_date, total_amount, status) VALUES (30026, 1011, 502, TO_DATE('2024-02-17', 'YYYY-MM-DD'), 579.98, 'Completed');
INSERT INTO MOBI_SALES_ORDERS (order_id, customer_id, store_id, order_date, total_amount, status) VALUES (30027, 1012, 503, TO_DATE('2024-02-22', 'YYYY-MM-DD'), 2399.98, 'Completed');
INSERT INTO MOBI_SALES_ORDERS (order_id, customer_id, store_id, order_date, total_amount, status) VALUES (30028, 1013, 504, TO_DATE('2024-02-27', 'YYYY-MM-DD'), 849.99, 'Completed');
INSERT INTO MOBI_SALES_ORDERS (order_id, customer_id, store_id, order_date, total_amount, status) VALUES (30029, 1014, 505, TO_DATE('2024-03-03', 'YYYY-MM-DD'), 1447.98, 'Completed');
INSERT INTO MOBI_SALES_ORDERS (order_id, customer_id, store_id, order_date, total_amount, status) VALUES (30030, 1015, 506, TO_DATE('2024-03-08', 'YYYY-MM-DD'), 1199.98, 'Completed');
INSERT INTO MOBI_SALES_ORDERS (order_id, customer_id, store_id, order_date, total_amount, status) VALUES (30031, 1001, 507, TO_DATE('2024-03-12', 'YYYY-MM-DD'), 499.99, 'Completed');
INSERT INTO MOBI_SALES_ORDERS (order_id, customer_id, store_id, order_date, total_amount, status) VALUES (30032, 1002, 508, TO_DATE('2024-03-17', 'YYYY-MM-DD'), 2199.98, 'Completed');
INSERT INTO MOBI_SALES_ORDERS (order_id, customer_id, store_id, order_date, total_amount, status) VALUES (30033, 1003, 501, TO_DATE('2024-03-22', 'YYYY-MM-DD'), 729.98, 'Completed');
INSERT INTO MOBI_SALES_ORDERS (order_id, customer_id, store_id, order_date, total_amount, status) VALUES (30034, 1004, 502, TO_DATE('2024-03-27', 'YYYY-MM-DD'), 879.98, 'Completed');
INSERT INTO MOBI_SALES_ORDERS (order_id, customer_id, store_id, order_date, total_amount, status) VALUES (30035, 1005, 503, TO_DATE('2024-04-01', 'YYYY-MM-DD'), 699.98, 'Completed');
INSERT INTO MOBI_SALES_ORDERS (order_id, customer_id, store_id, order_date, total_amount, status) VALUES (30036, 1006, 504, TO_DATE('2024-04-03', 'YYYY-MM-DD'), 319.98, 'Completed');
INSERT INTO MOBI_SALES_ORDERS (order_id, customer_id, store_id, order_date, total_amount, status) VALUES (30037, 1007, 505, TO_DATE('2024-04-05', 'YYYY-MM-DD'), 1649.98, 'Completed');
INSERT INTO MOBI_SALES_ORDERS (order_id, customer_id, store_id, order_date, total_amount, status) VALUES (30038, 1008, 506, TO_DATE('2024-01-15', 'YYYY-MM-DD'), 429.98, 'Completed');
INSERT INTO MOBI_SALES_ORDERS (order_id, customer_id, store_id, order_date, total_amount, status) VALUES (30039, 1009, 507, TO_DATE('2024-01-20', 'YYYY-MM-DD'), 1099.99, 'Completed');
INSERT INTO MOBI_SALES_ORDERS (order_id, customer_id, store_id, order_date, total_amount, status) VALUES (30040, 1010, 508, TO_DATE('2024-01-25', 'YYYY-MM-DD'), 1799.98, 'Completed');
INSERT INTO MOBI_SALES_ORDERS (order_id, customer_id, store_id, order_date, total_amount, status) VALUES (30041, 1011, 501, TO_DATE('2024-01-28', 'YYYY-MM-DD'), 1099.99, 'Processing');
INSERT INTO MOBI_SALES_ORDERS (order_id, customer_id, store_id, order_date, total_amount, status) VALUES (30042, 1012, 502, TO_DATE('2024-02-02', 'YYYY-MM-DD'), 499.99, 'Processing');
INSERT INTO MOBI_SALES_ORDERS (order_id, customer_id, store_id, order_date, total_amount, status) VALUES (30043, 1013, 503, TO_DATE('2024-02-05', 'YYYY-MM-DD'), 1299.99, 'Processing');
INSERT INTO MOBI_SALES_ORDERS (order_id, customer_id, store_id, order_date, total_amount, status) VALUES (30044, 1014, 504, TO_DATE('2024-02-14', 'YYYY-MM-DD'), 349.99, 'Processing');
INSERT INTO MOBI_SALES_ORDERS (order_id, customer_id, store_id, order_date, total_amount, status) VALUES (30045, 1015, 505, TO_DATE('2024-02-18', 'YYYY-MM-DD'), 999.99, 'Processing');
INSERT INTO MOBI_SALES_ORDERS (order_id, customer_id, store_id, order_date, total_amount, status) VALUES (30046, 1001, 506, TO_DATE('2024-02-22', 'YYYY-MM-DD'), 899.99, 'Processing');
INSERT INTO MOBI_SALES_ORDERS (order_id, customer_id, store_id, order_date, total_amount, status) VALUES (30047, 1002, 507, TO_DATE('2024-03-01', 'YYYY-MM-DD'), 229.99, 'Processing');
INSERT INTO MOBI_SALES_ORDERS (order_id, customer_id, store_id, order_date, total_amount, status) VALUES (30048, 1003, 508, TO_DATE('2024-03-05', 'YYYY-MM-DD'), 849.99, 'Processing');
INSERT INTO MOBI_SALES_ORDERS (order_id, customer_id, store_id, order_date, total_amount, status) VALUES (30049, 1004, 501, TO_DATE('2024-03-10', 'YYYY-MM-DD'), 279.99, 'Processing');
INSERT INTO MOBI_SALES_ORDERS (order_id, customer_id, store_id, order_date, total_amount, status) VALUES (30050, 1005, 502, TO_DATE('2024-03-15', 'YYYY-MM-DD'), 1099.99, 'Processing');
INSERT INTO MOBI_SALES_ORDERS (order_id, customer_id, store_id, order_date, total_amount, status) VALUES (30051, 1006, 503, TO_DATE('2024-04-05', 'YYYY-MM-DD'), 799.99, 'Pending');
INSERT INTO MOBI_SALES_ORDERS (order_id, customer_id, store_id, order_date, total_amount, status) VALUES (30052, 1007, 504, TO_DATE('2024-04-06', 'YYYY-MM-DD'), 549.99, 'Pending');
INSERT INTO MOBI_SALES_ORDERS (order_id, customer_id, store_id, order_date, total_amount, status) VALUES (30053, 1008, 505, TO_DATE('2024-04-07', 'YYYY-MM-DD'), 1299.99, 'Pending');
INSERT INTO MOBI_SALES_ORDERS (order_id, customer_id, store_id, order_date, total_amount, status) VALUES (30054, 1009, 506, TO_DATE('2024-04-08', 'YYYY-MM-DD'), 499.99, 'Pending');
INSERT INTO MOBI_SALES_ORDERS (order_id, customer_id, store_id, order_date, total_amount, status) VALUES (30055, 1010, 507, TO_DATE('2024-04-09', 'YYYY-MM-DD'), 1099.99, 'Pending');

-- Insert data into MOBI_SALES_ORDER_ITEMS
INSERT INTO MOBI_SALES_ORDER_ITEMS (order_item_id, order_id, product_id, quantity, unit_price) VALUES (5001, 30005, 114, 1, 499.99);
INSERT INTO MOBI_SALES_ORDER_ITEMS (order_item_id, order_id, product_id, quantity, unit_price) VALUES (5002, 30006, 102, 1, 1299.99);
INSERT INTO MOBI_SALES_ORDER_ITEMS (order_item_id, order_id, product_id, quantity, unit_price) VALUES (5003, 30007, 111, 1, 279.99);
INSERT INTO MOBI_SALES_ORDER_ITEMS (order_item_id, order_id, product_id, quantity, unit_price) VALUES (5004, 30008, 105, 1, 849.99);
INSERT INTO MOBI_SALES_ORDER_ITEMS (order_item_id, order_id, product_id, quantity, unit_price) VALUES (5005, 30009, 115, 1, 1099.99);
INSERT INTO MOBI_SALES_ORDER_ITEMS (order_item_id, order_id, product_id, quantity, unit_price) VALUES (5006, 30010, 104, 1, 999.99);
INSERT INTO MOBI_SALES_ORDER_ITEMS (order_item_id, order_id, product_id, quantity, unit_price) VALUES (5007, 30011, 110, 1, 349.99);
INSERT INTO MOBI_SALES_ORDER_ITEMS (order_item_id, order_id, product_id, quantity, unit_price) VALUES (5008, 30012, 108, 1, 499.99);
INSERT INTO MOBI_SALES_ORDER_ITEMS (order_item_id, order_id, product_id, quantity, unit_price) VALUES (5009, 30013, 103, 1, 799.99);
INSERT INTO MOBI_SALES_ORDER_ITEMS (order_item_id, order_id, product_id, quantity, unit_price) VALUES (5010, 30014, 116, 1, 549.99);
INSERT INTO MOBI_SALES_ORDER_ITEMS (order_item_id, order_id, product_id, quantity, unit_price) VALUES (5011, 30015, 115, 1, 1099.99);
INSERT INTO MOBI_SALES_ORDER_ITEMS (order_item_id, order_id, product_id, quantity, unit_price) VALUES (5012, 30016, 112, 1, 229.99);
INSERT INTO MOBI_SALES_ORDER_ITEMS (order_item_id, order_id, product_id, quantity, unit_price) VALUES (5013, 30017, 107, 1, 899.99);
INSERT INTO MOBI_SALES_ORDER_ITEMS (order_item_id, order_id, product_id, quantity, unit_price) VALUES (5014, 30018, 113, 1, 149.99);
INSERT INTO MOBI_SALES_ORDER_ITEMS (order_item_id, order_id, product_id, quantity, unit_price) VALUES (5015, 30019, 114, 1, 499.99);
INSERT INTO MOBI_SALES_ORDER_ITEMS (order_item_id, order_id, product_id, quantity, unit_price) VALUES (5016, 30020, 119, 1, 69.99);
INSERT INTO MOBI_SALES_ORDER_ITEMS (order_item_id, order_id, product_id, quantity, unit_price) VALUES (5017, 30021, 115, 1, 1099.99);
INSERT INTO MOBI_SALES_ORDER_ITEMS (order_item_id, order_id, product_id, quantity, unit_price) VALUES (5018, 30022, 112, 2, 229.99);
INSERT INTO MOBI_SALES_ORDER_ITEMS (order_item_id, order_id, product_id, quantity, unit_price) VALUES (5019, 30022, 120, 6, 39.99);
INSERT INTO MOBI_SALES_ORDER_ITEMS (order_item_id, order_id, product_id, quantity, unit_price) VALUES (5020, 30023, 103, 1, 799.99);
INSERT INTO MOBI_SALES_ORDER_ITEMS (order_item_id, order_id, product_id, quantity, unit_price) VALUES (5021, 30023, 109, 1, 499.99);
INSERT INTO MOBI_SALES_ORDER_ITEMS (order_item_id, order_id, product_id, quantity, unit_price) VALUES (5022, 30023, 120, 2, 39.99);
INSERT INTO MOBI_SALES_ORDER_ITEMS (order_item_id, order_id, product_id, quantity, unit_price) VALUES (5023, 30024, 104, 1, 999.99);
INSERT INTO MOBI_SALES_ORDER_ITEMS (order_item_id, order_id, product_id, quantity, unit_price) VALUES (5024, 30025, 102, 1, 1099.99);
INSERT INTO MOBI_SALES_ORDER_ITEMS (order_item_id, order_id, product_id, quantity, unit_price) VALUES (5025, 30025, 111, 3, 279.99);
INSERT INTO MOBI_SALES_ORDER_ITEMS (order_item_id, order_id, product_id, quantity, unit_price) VALUES (5026, 30026, 110, 1, 349.99);
INSERT INTO MOBI_SALES_ORDER_ITEMS (order_item_id, order_id, product_id, quantity, unit_price) VALUES (5027, 30026, 113, 1, 149.99);
INSERT INTO MOBI_SALES_ORDER_ITEMS (order_item_id, order_id, product_id, quantity, unit_price) VALUES (5028, 30026, 120, 2, 39.99);
INSERT INTO MOBI_SALES_ORDER_ITEMS (order_item_id, order_id, product_id, quantity, unit_price) VALUES (5029, 30027, 101, 1, 1299.99);
INSERT INTO MOBI_SALES_ORDER_ITEMS (order_item_id, order_id, product_id, quantity, unit_price) VALUES (5030, 30027, 109, 2, 499.99);
INSERT INTO MOBI_SALES_ORDER_ITEMS (order_item_id, order_id, product_id, quantity, unit_price) VALUES (5031, 30027, 120, 1, 39.99);
INSERT INTO MOBI_SALES_ORDER_ITEMS (order_item_id, order_id, product_id, quantity, unit_price) VALUES (5032, 30028, 105, 1, 849.99);
INSERT INTO MOBI_SALES_ORDER_ITEMS (order_item_id, order_id, product_id, quantity, unit_price) VALUES (5033, 30029, 103, 1, 799.99);
INSERT INTO MOBI_SALES_ORDER_ITEMS (order_item_id, order_id, product_id, quantity, unit_price) VALUES (5034, 30029, 111, 1, 279.99);
INSERT INTO MOBI_SALES_ORDER_ITEMS (order_item_id, order_id, product_id, quantity, unit_price) VALUES (5035, 30029, 112, 1, 229.99);
INSERT INTO MOBI_SALES_ORDER_ITEMS (order_item_id, order_id, product_id, quantity, unit_price) VALUES (5036, 30029, 119, 2, 69.99);
INSERT INTO MOBI_SALES_ORDER_ITEMS (order_item_id, order_id, product_id, quantity, unit_price) VALUES (5037, 30030, 102, 1, 1099.99);
INSERT INTO MOBI_SALES_ORDER_ITEMS (order_item_id, order_id, product_id, quantity, unit_price) VALUES (5038, 30030, 120, 2, 39.99);
INSERT INTO MOBI_SALES_ORDER_ITEMS (order_item_id, order_id, product_id, quantity, unit_price) VALUES (5039, 30030, 113, 1, 149.99);
INSERT INTO MOBI_SALES_ORDER_ITEMS (order_item_id, order_id, product_id, quantity, unit_price) VALUES (5040, 30031, 114, 1, 499.99);
INSERT INTO MOBI_SALES_ORDER_ITEMS (order_item_id, order_id, product_id, quantity, unit_price) VALUES (5041, 30032, 101, 1, 1299.99);
INSERT INTO MOBI_SALES_ORDER_ITEMS (order_item_id, order_id, product_id, quantity, unit_price) VALUES (5042, 30032, 107, 1, 899.99);
INSERT INTO MOBI_SALES_ORDER_ITEMS (order_item_id, order_id, product_id, quantity, unit_price) VALUES (5043, 30033, 110, 1, 349.99);
INSERT INTO MOBI_SALES_ORDER_ITEMS (order_item_id, order_id, product_id, quantity, unit_price) VALUES (5044, 30033, 111, 1, 279.99);
INSERT INTO MOBI_SALES_ORDER_ITEMS (order_item_id, order_id, product_id, quantity, unit_price) VALUES (5045, 30033, 120, 2, 39.99);
INSERT INTO MOBI_SALES_ORDER_ITEMS (order_item_id, order_id, product_id, quantity, unit_price) VALUES (5046, 30034, 108, 1, 499.99);
INSERT INTO MOBI_SALES_ORDER_ITEMS (order_item_id, order_id, product_id, quantity, unit_price) VALUES (5047, 30034, 111, 1, 279.99);
INSERT INTO MOBI_SALES_ORDER_ITEMS (order_item_id, order_id, product_id, quantity, unit_price) VALUES (5048, 30034, 120, 2, 39.99);
INSERT INTO MOBI_SALES_ORDER_ITEMS (order_item_id, order_id, product_id, quantity, unit_price) VALUES (5049, 30035, 110, 2, 349.99);
INSERT INTO MOBI_SALES_ORDER_ITEMS (order_item_id, order_id, product_id, quantity, unit_price) VALUES (5050, 30036, 113, 2, 149.99);
INSERT INTO MOBI_SALES_ORDER_ITEMS (order_item_id, order_id, product_id, quantity, unit_price) VALUES (5051, 30036, 120, 1, 39.99);
INSERT INTO MOBI_SALES_ORDER_ITEMS (order_item_id, order_id, product_id, quantity, unit_price) VALUES (5052, 30037, 101, 1, 1299.99);
INSERT INTO MOBI_SALES_ORDER_ITEMS (order_item_id, order_id, product_id, quantity, unit_price) VALUES (5053, 30037, 110, 1, 349.99);
INSERT INTO MOBI_SALES_ORDER_ITEMS (order_item_id, order_id, product_id, quantity, unit_price) VALUES (5054, 30038, 114, 1, 499.99);
INSERT INTO MOBI_SALES_ORDER_ITEMS (order_item_id, order_id, product_id, quantity, unit_price) VALUES (5055, 30038, 120, 4, 39.99);
INSERT INTO MOBI_SALES_ORDER_ITEMS (order_item_id, order_id, product_id, quantity, unit_price) VALUES (5056, 30039, 106, 1, 1099.99);
INSERT INTO MOBI_SALES_ORDER_ITEMS (order_item_id, order_id, product_id, quantity, unit_price) VALUES (5057, 30040, 101, 1, 1299.99);
INSERT INTO MOBI_SALES_ORDER_ITEMS (order_item_id, order_id, product_id, quantity, unit_price) VALUES (5058, 30040, 111, 1, 279.99);
INSERT INTO MOBI_SALES_ORDER_ITEMS (order_item_id, order_id, product_id, quantity, unit_price) VALUES (5059, 30040, 112, 1, 229.99);
INSERT INTO MOBI_SALES_ORDER_ITEMS (order_item_id, order_id, product_id, quantity, unit_price) VALUES (5060, 30040, 120, 5, 39.99);
INSERT INTO MOBI_SALES_ORDER_ITEMS (order_item_id, order_id, product_id, quantity, unit_price) VALUES (5061, 30041, 106, 1, 1099.99);
INSERT INTO MOBI_SALES_ORDER_ITEMS (order_item_id, order_id, product_id, quantity, unit_price) VALUES (5062, 30042, 108, 1, 499.99);
INSERT INTO MOBI_SALES_ORDER_ITEMS (order_item_id, order_id, product_id, quantity, unit_price) VALUES (5063, 30043, 102, 1, 1299.99);
INSERT INTO MOBI_SALES_ORDER_ITEMS (order_item_id, order_id, product_id, quantity, unit_price) VALUES (5064, 30044, 110, 1, 349.99);
INSERT INTO MOBI_SALES_ORDER_ITEMS (order_item_id, order_id, product_id, quantity, unit_price) VALUES (5065, 30045, 104, 1, 999.99);
INSERT INTO MOBI_SALES_ORDER_ITEMS (order_item_id, order_id, product_id, quantity, unit_price) VALUES (5066, 30046, 107, 1, 899.99);
INSERT INTO MOBI_SALES_ORDER_ITEMS (order_item_id, order_id, product_id, quantity, unit_price) VALUES (5067, 30047, 112, 1, 229.99);
INSERT INTO MOBI_SALES_ORDER_ITEMS (order_item_id, order_id, product_id, quantity, unit_price) VALUES (5068, 30048, 105, 1, 849.99);
INSERT INTO MOBI_SALES_ORDER_ITEMS (order_item_id, order_id, product_id, quantity, unit_price) VALUES (5069, 30049, 111, 1, 279.99);
INSERT INTO MOBI_SALES_ORDER_ITEMS (order_item_id, order_id, product_id, quantity, unit_price) VALUES (5070, 30050, 115, 1, 1099.99);
INSERT INTO MOBI_SALES_ORDER_ITEMS (order_item_id, order_id, product_id, quantity, unit_price) VALUES (5071, 30051, 103, 1, 799.99);
INSERT INTO MOBI_SALES_ORDER_ITEMS (order_item_id, order_id, product_id, quantity, unit_price) VALUES (5072, 30052, 116, 1, 549.99);
INSERT INTO MOBI_SALES_ORDER_ITEMS (order_item_id, order_id, product_id, quantity, unit_price) VALUES (5073, 30053, 102, 1, 1299.99);
INSERT INTO MOBI_SALES_ORDER_ITEMS (order_item_id, order_id, product_id, quantity, unit_price) VALUES (5074, 30054, 108, 1, 499.99);
INSERT INTO MOBI_SALES_ORDER_ITEMS (order_item_id, order_id, product_id, quantity, unit_price) VALUES (5075, 30055, 115, 1, 1099.99);